index,label
20_200000,S29
20_200001,V13
20_200002,V13
20_200003,G43
20_200004,D21
20_200005,O50
20_200006,X1
20_200007,M23
20_200008,G43
20_200009,S29
20_200010,V13
20_200011,M23
20_200012,G43
20_200013,D21
20_200014,O50
20_200015,V13
20_200016,G43
20_200017,S29
20_200018,V13
20_200019,M23
20_200020,G43
20_200021,D21
20_200022,O50
20_200023,V13
20_200024,G43
20_200025,G17
20_200026,D21
20_200027,Y5
20_200028,N35
20_200032,S29
20_200033,N35
20_200034,D36
20_200036,D36
20_200037,E34
20_200038,N35
20_200039,M17
20_200040,S29
20_200041,D2
20_200044,U33
20_200045,M17
20_200046,N35
20_200047,Y5
20_200048,N35
20_200049,G43
20_200050,V28
20_200051,G43
20_200052,X1
20_200053,N1
20_200054,M17
20_200055,W25
20_200056,N35
20_200057,N35
20_200058,I9
20_200059,M17
20_200060,D36
20_200061,X1
20_200062,N31
20_200063,N35
20_200064,D21
20_200066,E23
20_200067,Q3
20_200068,X1
20_200069,N1
20_200070,D21
20_200072,Y2
20_200074,D21
20_200075,N37
20_200076,H6
20_200077,G43
20_200078,X1
20_200079,D36
20_200080,V28
20_200082,D58
20_200083,G43
20_200087,G17
20_200088,E34
20_200089,N35
20_200090,M17
20_200091,S29
20_200093,G1
20_200094,S29
20_200095,D54
20_200096,E34
20_200097,N35
20_200098,M17
20_200099,S29
20_200100,N37
20_200101,H6
20_200102,G43
20_200103,E34
20_200104,N35
20_200105,M17
20_200106,S29
20_200107,N35
20_200108,N35
20_200110,S29
20_200112,V13
20_200113,N35
20_200114,R8
20_200115,R8
20_200116,R8
20_200117,P8
20_200118,I10
20_200119,E34
20_200120,N35
20_200121,M17
20_200122,S29
20_200123,Q3
20_200124,M17
20_200125,G43
20_200126,M17
20_200128,V13
20_200129,F34
20_200130,G39
20_200131,F34
20_200133,H6
20_200134,G43
20_200136,M17
20_200137,M17
20_200139,M23
20_200140,D58
20_200141,W24
20_200142,N35
20_200144,X1
20_200145,I9
20_200146,D58
20_200147,X1
20_200149,E34
20_200150,N35
20_200151,M17
20_200152,S29
20_200153,Q3
20_200154,G43
20_200156,G1
20_200157,S29
20_200158,D54
20_200159,G17
20_200160,V31
20_200161,V31
20_200162,G43
20_200164,P8
20_200165,D35
20_200166,U1
20_200167,D4
20_200168,G1
20_200169,G4
20_200170,I9
20_200171,G1
20_200172,G17
20_200174,N35
20_200175,V13
20_200176,N35
20_200177,G25
20_200178,X1
20_200180,V30
20_200181,X1
20_200182,G43
20_200183,I10
20_200184,M23
20_200185,M23
20_200186,G43
20_200187,X1
20_200188,X1
20_200190,S29
20_200191,F34
20_200192,F34
20_200193,F34
20_200194,V13
20_200195,N35
20_200196,D54
20_200197,G43
20_200198,X1
20_200199,S29
20_200200,N35
20_200201,D21
20_200202,E34
20_200203,N35
20_200204,E34
20_200205,N35
20_200206,M17
20_200207,S29
20_200208,G17
20_200209,D4
20_200210,X1
20_200211,Z1
20_200212,I9
20_200213,M17
20_200214,G43
20_200215,G43
20_200217,S29
20_200218,E34
20_200219,N35
20_200220,M17
20_200221,S29
20_200222,G17
20_200223,D4
20_200224,X1
20_200225,Z1
20_200226,I9
20_200227,M17
20_200228,Z1
20_200229,R8
20_200230,R8
20_200231,R8
20_200232,M23
20_200233,D21
20_200234,G43
20_200236,G4
20_200238,G5
20_200240,M17
20_200241,D21
20_200242,U1
20_200243,F18
20_200244,D36
20_200245,X1
20_200246,M17
20_200247,W25
20_200248,N35
20_200249,X1
20_200250,I9
20_200251,S29
20_200252,M17
20_200253,S29
20_200254,O50
20_200255,D21
20_200256,I9
20_200257,D21
20_200258,G43
20_200259,N35
20_200260,I9
20_200261,D46
20_200262,N35
20_200263,I10
20_200265,G43
20_200266,Q3
20_200268,D21
20_200269,N35
20_200270,I9
20_200271,M17
20_200272,Z11
20_200273,G43
20_200274,N35
20_200275,W24
20_200276,W24
20_200277,W24
20_200278,D21
20_200279,X8
20_200280,I9
20_200282,G43
20_200283,P8
20_200287,G17
20_200288,O28
20_200289,W24
20_200290,O49
20_200291,S29
20_200292,V31
20_200293,E34
20_200294,N35
20_200295,M17
20_200296,S29
20_200297,O1
20_200298,D21
20_200299,G17
20_200300,O4
20_200301,D21
20_200302,G43
20_200303,N5
20_200304,Q3
20_200305,N35
20_200306,G17
20_200307,M17
20_200308,D4
20_200309,E23
20_200310,G17
20_200312,X1
20_200313,D21
20_200314,G43
20_200317,M17
20_200318,G43
20_200320,G43
20_200321,N35
20_200322,U1
20_200323,Y2
20_200324,D36
20_200325,U33
20_200326,M17
20_200327,Q3
20_200329,D21
20_200330,N35
20_200331,I9
20_200332,N35
20_200334,X1
20_200338,G39
20_200339,D58
20_200340,V13
20_200341,O34
20_200343,M17
20_200344,M17
20_200345,I9
20_200346,M23
20_200347,G43
20_200348,N35
20_200349,O4
20_200350,M17
20_200351,M17
20_200352,G17
20_200353,W24
20_200354,Q3
20_200355,N37
20_200357,N35
20_200358,M17
20_200359,M17
20_200360,M17
20_200361,X1
20_200362,X1
20_200363,X1
20_200364,S29
20_200365,N35
20_200366,M17
20_200368,D21
20_200369,I9
20_200370,U1
20_200371,N37
20_200372,O50
20_200373,D21
20_200374,P8
20_200375,I9
20_200376,G17
20_200377,M17
20_200378,D4
20_200379,X1
20_200380,N35
20_200381,I9
20_200382,M17
20_200383,G43
20_200385,D36
20_200386,N35
21_210001,G17
21_210002,D35
21_210003,O50
21_210004,D35
21_210005,G17
21_210006,E34
21_210007,N35
21_210008,M17
21_210009,S29
21_210010,N5
21_210011,S29
21_210012,V13
21_210013,V13
21_210014,G43
21_210015,M17
21_210016,D21
21_210017,O50
21_210018,X1
21_210019,M23
21_210020,G43
21_210021,S29
21_210022,V13
21_210023,M23
21_210024,G43
21_210025,M17
21_210026,D21
21_210027,O50
21_210028,V13
21_210029,G43
21_210030,N31
21_210031,N35
21_210032,V28
21_210033,D21
21_210034,X1
21_210035,N31
21_210036,E34
21_210037,N35
21_210038,M17
21_210039,S29
21_210040,Q3
21_210041,M17
21_210042,D4
21_210043,G43
21_210044,F13
21_210045,Q3
21_210046,X1
21_210047,N35
21_210048,N37
21_210049,N35
21_210050,E9
21_210051,P8
21_210052,I10
21_210053,G17
21_210054,D35
21_210055,O50
21_210056,D35
21_210057,G17
21_210058,E34
21_210059,N35
21_210060,M17
21_210061,S29
21_210062,R8
21_210063,G43
21_210064,H6
21_210065,N35
21_210067,X1
21_210068,D54
21_210069,I9
21_210070,G1
21_210071,V31
21_210072,D21
21_210074,T22
21_210076,I9
21_210077,N35
21_210078,X1
21_210080,N29
21_210082,G43
21_210083,R8
21_210084,E34
21_210085,N35
21_210086,O31
21_210087,N35
21_210088,I9
21_210089,M17
21_210090,Z11
21_210091,G43
21_210092,E34
21_210093,N35
21_210094,E34
21_210095,N35
21_210096,M17
21_210097,X1
21_210098,G43
21_210099,X1
21_210100,G1
21_210101,O34
21_210102,D58
21_210104,M17
21_210105,G4
21_210106,N5
21_210107,G43
21_210109,E34
21_210110,N35
21_210111,M17
21_210112,S29
21_210113,Q3
21_210114,M17
21_210115,N35
21_210116,S29
21_210117,D21
21_210119,G17
21_210122,G43
21_210123,I9
21_210124,S29
21_210125,O50
21_210126,D46
21_210128,G43
21_210129,O1
21_210130,D21
21_210131,E34
21_210132,N35
21_210133,M17
21_210134,S29
21_210135,G17
21_210136,O4
21_210137,D21
21_210138,G43
21_210139,N5
21_210140,Q3
21_210141,N35
21_210142,M17
21_210143,W25
21_210144,N35
21_210145,X1
21_210146,I9
21_210148,X1
21_210149,M17
21_210150,S29
21_210151,O50
21_210152,D21
21_210153,I9
21_210154,D35
21_210155,D21
21_210156,M44
21_210157,G43
21_210158,E34
21_210159,N35
21_210160,M17
21_210161,S29
21_210162,G17
21_210163,Z11
21_210165,G17
21_210166,D54
21_210167,M17
21_210168,M17
21_210169,N35
21_210170,I9
21_210171,G17
21_210172,D54
21_210173,M17
21_210174,M17
21_210175,N35
21_210176,I9
21_210177,E34
21_210178,N35
21_210179,M17
21_210180,S29
21_210181,Q3
21_210182,M17
21_210183,I10
21_210184,S29
21_210185,I10
21_210186,S29
21_210187,N35
21_210188,M17
21_210189,X1
21_210191,G4
21_210192,G17
21_210193,V31
21_210194,M17
21_210195,M17
21_210196,E34
21_210197,N35
21_210198,M17
21_210199,S29
21_210200,S29
21_210202,N35
21_210203,I10
21_210204,N35
21_210205,I9
21_210207,S29
21_210208,N35
21_210209,I9
21_210210,G17
21_210211,V28
21_210212,X1
21_210214,G1
21_210216,O4
21_210217,G43
21_210218,O1
21_210219,O1
21_210220,N35
21_210221,W24
21_210222,W24
21_210223,W24
21_210224,S34
21_210225,M17
21_210226,G43
21_210227,N35
21_210228,O4
21_210229,X1
21_210231,E34
21_210232,N35
21_210233,M17
21_210234,S29
21_210235,G17
21_210236,D4
21_210237,X1
21_210238,Z1
21_210239,I9
21_210240,M17
21_210241,G43
21_210242,G17
21_210243,V31
21_210244,X1
21_210245,E34
21_210246,N35
21_210247,M17
21_210248,S29
21_210249,G17
21_210250,D4
21_210251,X1
21_210252,Z1
21_210253,M17
21_210254,G43
21_210255,N35
21_210257,O50
21_210258,X1
21_210259,D4
21_210260,E23
21_210261,G43
21_210262,U1
21_210263,N17
21_210264,D36
21_210265,N35
21_210266,G25
21_210267,Z1
21_210268,S34
21_210269,M17
21_210270,S29
21_210271,I10
21_210272,E34
21_210273,N35
21_210274,M17
21_210275,S29
21_210277,D58
21_210278,V28
21_210279,N35
21_210281,I9
21_210283,N35
21_210284,W24
21_210285,Z1
21_210286,O1
21_210287,M17
21_210288,D21
21_210289,E34
21_210290,N35
21_210291,M17
21_210292,S29
21_210293,N35
21_210295,D21
21_210296,N37
21_210297,X1
21_210298,N35
21_210299,I9
21_210300,D46
21_210302,G17
21_210303,I10
21_210304,D36
21_210305,X1
21_210309,I9
21_210310,M17
21_210311,Z11
21_210312,X1
21_210313,N37
21_210314,X1
21_210316,G4
21_210317,G43
21_210318,O34
21_210319,U1
21_210321,I9
21_210322,M17
21_210323,Z11
21_210324,G43
21_210325,N35
21_210326,W24
21_210327,W24
21_210328,W24
21_210329,D36
21_210330,N35
21_210331,E34
21_210332,N35
21_210333,M17
21_210334,S29
21_210335,X1
21_210336,I9
21_210337,N35
21_210338,V28
21_210339,N35
21_210340,D36
21_210341,X1
21_210342,I9
21_210343,N35
21_210344,X1
21_210345,M17
21_210346,G43
21_210347,S29
21_210349,G17
21_210350,N35
21_210351,U1
21_210352,N17
21_210353,D36
21_210354,U33
21_210355,M17
21_210356,M17
21_210357,G43
21_210358,N37
21_210359,H6
21_210360,G43
22_220000,D2
22_220001,D21
22_220002,I9
22_220004,I9
22_220005,G17
22_220006,D36
22_220007,I9
22_220008,D36
22_220009,D58
22_220012,I9
22_220013,G17
22_220014,I10
22_220015,D21
22_220016,X1
22_220017,D46
22_220018,I9
22_220019,N35
22_220020,O4
22_220021,N35
22_220022,M17
22_220023,I9
22_220024,N35
22_220025,I9
22_220027,D21
22_220028,S29
22_220029,N35
22_220030,W25
22_220031,N35
22_220032,S29
22_220033,N35
22_220034,N35
22_220035,I9
22_220036,I9
22_220037,D46
22_220039,N35
22_220040,E34
22_220041,N35
22_220042,M17
22_220043,S29
22_220045,G1
22_220047,I9
22_220048,M17
22_220049,G17
22_220050,M17
22_220051,D21
22_220052,G25
22_220053,O50
22_220054,X1
22_220056,O50
22_220057,D21
22_220058,N5
22_220059,D46
22_220061,N5
22_220062,D28
22_220063,W24
22_220064,N18
22_220065,N18
22_220066,Q3
22_220067,X1
22_220068,N1
22_220069,N35
22_220070,E34
22_220071,N35
22_220072,M17
22_220073,S29
22_220075,G1
22_220077,I9
22_220078,M17
22_220079,G17
22_220080,O50
22_220081,D21
22_220082,G5
22_220084,Q3
22_220085,X1
22_220086,N1
22_220087,S29
22_220088,M17
22_220089,D36
22_220091,S29
22_220092,N35
22_220093,E34
22_220094,N35
22_220095,M17
22_220096,S29
22_220097,N35
22_220098,N5
22_220100,I10
22_220101,D46
22_220102,O34
22_220103,O50
22_220104,D28
22_220105,W24
22_220106,N18
22_220107,N18
22_220108,Q3
22_220109,X1
22_220110,N1
22_220111,N35
22_220112,N5
22_220114,G1
22_220116,I9
22_220117,M17
22_220118,G17
22_220119,M17
22_220120,D21
22_220122,O50
22_220123,X1
22_220124,N18
22_220125,D46
22_220126,O34
22_220127,O50
22_220128,D28
22_220129,W24
22_220130,G17
22_220131,S29
22_220132,G17
22_220133,V31
22_220134,X1
22_220135,X1
22_220137,M17
22_220138,W25
22_220139,N35
22_220140,E34
22_220141,N35
22_220142,M17
22_220143,S29
22_220145,N35
22_220146,M17
22_220147,G17
22_220148,S29
22_220149,S29
22_220150,G1
22_220151,N37
22_220152,N35
22_220153,I9
22_220154,M17
22_220155,D36
22_220156,D21
22_220157,X1
22_220159,G17
22_220161,G17
22_220162,D36
22_220165,M17
22_220166,W25
22_220167,N35
22_220168,E34
22_220169,N35
22_220170,M17
22_220171,S29
22_220172,O4
22_220173,G17
22_220174,X1
22_220175,N29
22_220178,I9
22_220179,D2
22_220180,G17
22_220182,N35
22_220183,X1
22_220185,G36
22_220186,D21
22_220187,X1
22_220188,D35
22_220189,O50
22_220190,S29
22_220192,I9
22_220193,N35
22_220194,I9
22_220195,M23
22_220196,G43
22_220197,G17
22_220199,G36
22_220200,G36
22_220201,G36
22_220202,D2
22_220203,F31
22_220204,N29
22_220205,X1
22_220207,N31
22_220208,G17
22_220209,E34
22_220210,N35
22_220211,M17
22_220212,S29
22_220213,M18
22_220214,M17
22_220215,G17
22_220216,E34
22_220217,N35
22_220218,M17
22_220219,S29
22_220220,M18
22_220221,M17
22_220222,G17
22_220223,V31
22_220224,E34
22_220225,N35
22_220226,M17
22_220227,S29
22_220228,O1
22_220229,D21
22_220230,D35
22_220231,D54
22_220232,G43
22_220233,N35
22_220234,M17
22_220235,S29
22_220236,E34
22_220237,N35
22_220238,M17
22_220239,S29
22_220240,I10
22_220241,S29
22_220242,I9
22_220243,D21
22_220244,S29
22_220246,G43
22_220248,G17
22_220249,D35
22_220250,O50
22_220251,D35
22_220252,G17
22_220253,E34
22_220254,N35
22_220255,M17
22_220256,S29
22_220257,D28
22_220259,E1
22_220260,Q3
22_220261,X1
22_220262,N1
22_220263,S29
22_220264,V13
22_220265,V13
22_220266,G43
22_220267,M17
22_220268,D21
22_220269,O50
22_220270,X1
22_220271,M23
22_220272,G43
22_220273,S29
22_220274,I10
22_220275,D46
22_220276,M17
22_220277,D21
22_220278,V31
22_220279,N29
22_220280,S29
22_220282,N35
22_220283,G17
22_220284,D35
22_220285,O50
22_220286,D35
22_220287,G17
22_220288,E34
22_220289,N35
22_220290,M17
22_220291,S29
22_220292,Z11
22_220293,D46
22_220294,G1
22_220295,X1
22_220296,N14
22_220297,S29
22_220298,V13
22_220299,V13
22_220300,G43
22_220301,M17
22_220302,D21
22_220303,O50
22_220304,X1
22_220305,M23
22_220306,E34
22_220307,N35
22_220308,M17
22_220309,S29
22_220311,I10
22_220312,D46
22_220313,M17
22_220314,D21
22_220315,V31
22_220317,X1
22_220318,Q3
22_220320,D36
22_220321,G17
22_220322,D35
22_220323,O50
22_220324,D35
22_220325,G17
22_220326,E34
22_220327,N35
22_220328,M17
22_220329,S29
22_220330,G5
22_220331,S29
22_220332,M44
22_220333,Q3
22_220334,D46
22_220335,S29
22_220336,V13
22_220337,V13
22_220338,G43
22_220339,G17
22_220340,D35
22_220341,O50
22_220342,D35
22_220343,G17
22_220344,E34
22_220345,N35
22_220346,M17
22_220347,S29
22_220348,N5
22_220349,I10
22_220350,D46
22_220351,M17
22_220352,D21
22_220353,V31
22_220355,D36
22_220356,G1
22_220357,V28
22_220358,X1
22_220359,U15
22_220360,G39
22_220361,V30
22_220362,X1
22_220363,U15
22_220364,G17
22_220365,G17
22_220366,D35
22_220367,O50
22_220368,D35
22_220369,G17
22_220370,E34
22_220371,N35
22_220372,M17
22_220373,S29
22_220374,S29
22_220375,V13
22_220376,V13
22_220377,G43
22_220378,D21
22_220379,O50
22_220380,X1
22_220381,M23
22_220382,G43
22_220383,S29
22_220384,V13
22_220385,M23
22_220386,G43
22_220387,D21
22_220388,O50
22_220389,V13
22_220390,G43
22_220391,S29
22_220392,V13
22_220393,M23
22_220394,G43
22_220395,D21
22_220396,O50
22_220397,V13
22_220398,G43
22_220399,G17
22_220400,D35
22_220401,D21
22_220402,Y5
22_220403,N35
22_220407,S29
22_220408,N35
22_220409,D36
22_220411,D36
22_220412,E34
22_220413,N35
22_220414,M17
22_220415,S29
22_220416,D2
22_220419,U33
22_220420,M17
22_220421,N35
22_220422,Y5
22_220423,N35
22_220424,G43
22_220425,V28
22_220426,G43
22_220427,X1
22_220428,N1
22_220429,M17
22_220430,W25
22_220431,N35
22_220432,N35
22_220433,I9
22_220434,M17
22_220435,D36
22_220436,X1
22_220437,N31
22_220438,N35
23_230000,N35
23_230001,N35
23_230002,I9
23_230003,I9
23_230004,D46
23_230005,Z1
23_230006,Z1
23_230007,Z1
23_230008,Z1
23_230009,M17
23_230010,Q3
23_230011,G43
23_230012,G25
23_230013,G25
23_230014,G25
23_230015,S29
23_230016,G17
23_230017,M23
23_230018,G43
23_230019,W18
23_230020,X1
23_230021,G17
23_230022,V28
23_230023,N35
23_230024,O34
23_230025,V31
23_230029,G4
23_230030,Z1
23_230031,O50
23_230032,D21
23_230033,G5
23_230034,G25
23_230035,O50
23_230036,X1
23_230037,N18
23_230040,O50
23_230041,D21
23_230042,N5
23_230044,I9
23_230045,D21
23_230046,N35
23_230047,N35
23_230048,E34
23_230049,N35
23_230050,M17
23_230051,S29
23_230052,V28
23_230053,N35
23_230054,D36
23_230055,D28
23_230056,I9
23_230057,S34
23_230058,E34
23_230059,N35
23_230060,M17
23_230061,S29
23_230062,V28
23_230063,N35
23_230064,D36
23_230065,D28
23_230066,I9
23_230070,O50
23_230071,X1
23_230072,N18
23_230073,D46
23_230074,O34
23_230075,O50
23_230076,D28
23_230077,W24
23_230078,N18
23_230079,N18
23_230080,Q3
23_230081,X1
23_230082,N1
23_230083,N35
23_230084,G5
23_230085,G25
23_230086,O50
23_230087,X1
23_230088,N18
23_230089,U33
23_230090,M17
23_230092,G4
23_230094,G5
23_230095,G25
23_230096,O50
23_230097,X1
23_230098,N18
23_230099,U33
23_230100,M17
23_230101,M17
23_230102,G17
23_230103,O50
23_230104,D21
23_230105,N5
23_230106,D46
23_230107,O34
23_230108,O50
23_230109,D28
23_230110,W24
23_230111,N18
23_230112,N18
23_230113,Q3
23_230114,X1
23_230115,W25
23_230116,M17
23_230117,N35
23_230118,E34
23_230119,N35
23_230120,M17
23_230121,S29
23_230122,Q3
23_230123,N35
23_230124,N29
23_230127,S29
23_230128,G17
23_230130,D21
23_230131,H6
23_230132,H6
23_230133,N35
23_230134,M23
23_230135,G43
23_230136,V28
23_230138,N35
23_230139,G17
23_230140,G17
23_230141,X1
23_230144,D46
23_230145,N35
23_230146,M23
23_230147,G43
23_230148,N37
23_230149,N35
23_230151,M17
23_230152,X1
23_230153,F31
23_230154,N29
23_230155,X1
23_230157,N31
23_230158,S29
23_230159,V28
23_230160,D46
23_230161,F18
23_230162,N1
23_230163,G17
23_230164,V31
23_230165,M17
23_230166,D21
23_230167,V31
23_230168,Q3
23_230169,V28
23_230170,D54
23_230171,N35
23_230172,E34
23_230173,N35
23_230174,M17
23_230175,S29
23_230176,N29
23_230177,G1
23_230178,G43
23_230179,G43
23_230180,Q3
23_230181,X1
23_230182,N1
23_230183,U1
23_230184,D4
23_230185,G1
23_230186,N35
23_230187,I9
23_230188,I10
23_230189,X1
23_230190,Z1
23_230191,N35
23_230192,M17
23_230193,S29
23_230194,I10
23_230195,S29
23_230196,I9
23_230197,M17
23_230198,W25
23_230199,N35
23_230200,F13
23_230201,Q3
23_230202,X1
23_230203,Y2
23_230204,M18
23_230205,X1
23_230206,D21
23_230207,I9
23_230208,S29
23_230209,V4
23_230210,N31
23_230211,N35
23_230212,E34
23_230213,N35
23_230214,M17
23_230215,S29
23_230216,D2
23_230217,O1
23_230219,I9
23_230220,N35
23_230221,O4
23_230222,N35
23_230223,M23
23_230224,G43
23_230226,N37
23_230227,Z1
23_230228,G36
23_230229,D35
23_230231,Q3
23_230232,G43
23_230233,S29
23_230234,V13
23_230235,M23
23_230236,G43
23_230237,D21
23_230238,O50
23_230239,V13
23_230240,G43
23_230241,G17
23_230242,D35
23_230243,O50
23_230244,D35
23_230245,G17
23_230246,E34
23_230247,N35
23_230248,M17
23_230249,S29
23_230250,D28
23_230253,Q3
23_230254,X1
23_230255,N1
23_230256,I10
23_230257,D46
23_230258,M17
23_230259,D21
23_230260,V31
23_230261,N35
23_230262,O50
23_230263,O50
23_230264,Q3
23_230265,N35
23_230266,D21
23_230267,O50
23_230268,X1
23_230269,M23
23_230270,G43
23_230271,S29
23_230272,V13
23_230273,M23
23_230274,G43
23_230275,D21
23_230276,O50
23_230277,V13
23_230278,G43
23_230279,G17
23_230280,D35
23_230281,O50
23_230282,D35
23_230283,G17
23_230284,E34
23_230285,N35
23_230286,M17
23_230287,S29
23_230288,Z11
23_230289,D46
23_230290,X1
23_230291,G5
23_230292,N14
23_230293,I10
23_230294,D46
23_230295,M17
23_230296,D21
23_230297,V31
23_230298,V13
23_230299,V13
23_230300,G43
23_230301,M17
23_230302,D21
23_230303,O50
23_230304,X1
23_230305,M23
23_230306,G43
23_230307,S29
23_230308,V13
23_230309,M23
23_230310,G43
23_230311,D21
23_230312,O50
23_230313,V13
23_230314,G43
23_230315,G17
23_230316,D35
23_230317,O50
23_230318,D35
23_230319,G17
23_230320,E34
23_230321,N35
23_230322,M17
23_230323,S29
23_230324,G5
23_230325,S29
23_230326,Q3
23_230327,M44
23_230328,E34
23_230329,N35
23_230330,M17
23_230331,S29
23_230333,S29
23_230334,V13
23_230335,V13
23_230336,G43
23_230337,D21
23_230338,M17
23_230339,O50
23_230340,X1
23_230341,M23
23_230342,G43
23_230343,S29
23_230344,V13
23_230345,M23
23_230346,G43
23_230347,M17
23_230348,D21
23_230349,O50
23_230350,V13
23_230351,G43
23_230352,G17
23_230353,O50
23_230354,D35
23_230355,G17
23_230356,V13
23_230357,G43
23_230358,G17
23_230359,D35
23_230360,O50
23_230361,D35
23_230362,G17
23_230363,E34
23_230364,N35
23_230365,M17
23_230366,S29
23_230367,N5
23_230368,S29
23_230369,V13
23_230370,V13
23_230371,G43
23_230372,M17
23_230373,D21
23_230374,O50
23_230375,X1
23_230376,M23
23_230377,G43
23_230378,S29
23_230379,V13
23_230380,M23
23_230381,G43
23_230382,D21
23_230383,M17
23_230384,O50
23_230385,V13
23_230386,G43
23_230387,M17
23_230388,D36
23_230389,X1
23_230390,N31
23_230391,N35
23_230392,V28
23_230393,D21
23_230394,X1
23_230395,N31
23_230396,E34
23_230397,N35
23_230398,M17
23_230399,S29
23_230400,Q3
23_230401,M17
23_230402,D4
23_230403,G43
23_230404,F13
23_230405,Q3
23_230406,X1
23_230407,N35
23_230408,N37
23_230409,N35
23_230410,E9
23_230413,I10
23_230414,G17
23_230415,D35
23_230416,O50
23_230417,D35
23_230418,G17
23_230419,E34
23_230420,N35
23_230421,M17
23_230422,S29
23_230423,R8
3_030000,S29
3_030001,D58
3_030002,N37
3_030003,Q3
3_030004,X1
3_030005,N1
3_030006,S34
3_030007,N35
3_030008,O50
3_030009,S29
3_030010,M44
3_030011,D46
3_030012,N14
3_030013,N35
3_030014,E34
3_030015,N35
3_030016,M17
3_030017,S29
3_030018,M17
3_030019,S29
3_030020,S34
3_030021,N35
3_030022,O50
3_030023,G39
3_030024,S29
3_030025,M44
3_030026,D46
3_030027,X1
3_030028,N14
3_030029,G43
3_030030,D36
3_030032,D58
3_030033,N35
3_030034,N35
3_030035,I9
3_030036,R8
3_030037,R8
3_030038,R8
3_030039,R8
3_030040,R8
3_030041,R8
3_030042,D35
3_030043,V28
3_030044,X1
3_030045,U15
3_030046,G39
3_030047,N35
3_030049,X1
3_030051,E34
3_030052,N35
3_030053,M17
3_030054,S29
3_030055,D21
3_030056,X1
3_030057,N17
3_030058,D46
3_030059,O50
3_030061,D21
3_030062,S29
3_030063,N35
3_030064,D21
3_030065,G17
3_030066,V13
3_030067,G40
3_030068,M17
3_030069,M17
3_030070,D21
3_030071,S29
3_030072,N35
3_030073,R8
3_030074,R8
3_030075,R8
3_030076,S29
3_030077,G40
3_030078,N35
3_030079,S29
3_030080,M44
3_030081,D46
3_030082,X1
3_030083,N14
3_030084,N29
3_030085,I9
3_030086,N35
3_030087,N35
3_030088,S29
3_030089,N35
3_030090,S29
3_030091,N35
3_030093,G7
3_030094,G7
3_030095,W18
3_030096,X1
3_030097,G43
3_030099,O28
3_030100,W24
3_030101,O49
3_030104,N5
3_030105,S29
3_030107,D21
3_030109,D4
3_030110,S29
3_030111,N35
3_030113,N35
3_030114,D21
3_030116,X1
3_030117,G43
3_030118,R8
3_030119,G7
3_030120,N35
3_030121,D2
3_030122,N35
3_030123,E34
3_030124,N35
3_030126,S29
3_030127,G17
3_030128,D58
3_030129,V31
3_030130,G5
3_030131,G5
3_030132,G5
3_030133,I10
3_030134,N35
3_030135,V28
3_030136,G39
3_030140,E34
3_030141,N35
3_030142,M17
3_030143,S29
3_030144,G17
3_030145,G35
3_030146,Q3
3_030147,D46
3_030148,G39
3_030149,G39
3_030151,D36
3_030152,N35
3_030153,X1
3_030157,O50
3_030158,D21
3_030159,R8
3_030160,R8
3_030161,R8
3_030162,D46
3_030163,D21
3_030164,N35
3_030165,E34
3_030166,N35
3_030167,M17
3_030168,S29
3_030169,P8
3_030170,G43
3_030171,Y2
3_030172,I9
3_030173,S29
3_030174,V31
3_030175,N35
3_030176,E34
3_030177,N35
3_030178,M17
3_030179,S29
3_030180,M17
3_030181,D21
3_030182,M17
3_030183,D36
3_030185,N35
3_030186,Q3
3_030187,X1
3_030188,N1
3_030189,S29
3_030190,Q3
3_030191,G40
3_030192,N35
3_030193,F13
3_030194,N31
3_030195,N31
3_030196,N31
3_030199,E34
3_030200,N35
3_030201,M17
3_030202,S29
3_030204,N35
3_030205,E34
3_030206,N35
3_030207,M17
3_030208,S29
3_030209,I10
3_030210,N35
3_030211,V28
3_030214,G17
3_030215,I10
3_030216,D21
3_030217,X1
3_030218,G40
3_030219,Q3
3_030220,G40
3_030221,G1
3_030222,Q3
3_030223,G40
3_030224,G1
3_030225,D21
3_030226,G17
3_030227,V13
3_030228,Q3
3_030229,G40
3_030230,G35
3_030231,E34
3_030232,N35
3_030233,M17
3_030234,S29
3_030235,D21
3_030236,I9
3_030237,D46
3_030238,G43
3_030239,Z1
3_030240,Z1
3_030241,Z1
3_030242,Z1
3_030243,M17
3_030244,Q3
3_030245,G43
3_030246,O34
3_030247,O50
3_030248,N35
3_030249,D28
3_030250,W24
3_030251,N18
3_030252,N18
3_030253,N18
3_030254,N18
3_030255,G43
3_030256,D36
3_030257,D60
3_030258,D46
3_030259,G43
3_030260,N35
3_030261,V13
3_030262,N35
3_030263,N35
3_030264,Q1
3_030265,D4
3_030266,G17
3_030267,O1
3_030268,D21
3_030269,X1
3_030270,I9
3_030271,M17
3_030272,D21
3_030273,Q3
3_030274,X1
3_030275,N37
3_030277,G1
3_030279,I9
3_030281,D21
3_030282,G17
3_030283,R8
3_030284,G7
3_030286,D36
3_030287,G35
3_030288,G17
3_030289,N29
3_030290,D58
3_030291,V28
3_030292,G43
3_030294,G43
3_030295,D46
3_030296,S29
3_030297,N35
3_030298,N35
3_030299,E34
3_030300,N35
3_030301,M17
3_030302,S29
3_030303,V13
3_030304,G43
3_030305,X1
3_030306,G5
3_030307,G39
3_030308,O34
3_030309,Q1
3_030310,D4
3_030311,V13
3_030312,G43
3_030313,X1
3_030314,E34
3_030315,N35
3_030317,D36
3_030318,E34
3_030319,N35
3_030320,M17
3_030321,S29
3_030322,G17
3_030323,T22
3_030326,W24
3_030327,G43
3_030328,G5
3_030329,M17
3_030330,G43
3_030331,O34
3_030332,N37
3_030334,Y2
3_030335,N35
3_030336,I9
3_030337,D46
3_030338,Z1
3_030339,Z1
3_030340,Z1
3_030341,Z1
3_030342,M17
3_030343,Q3
3_030344,G43
3_030345,G25
3_030346,G25
3_030347,G25
3_030348,M17
3_030349,Z11
3_030350,G43
3_030351,O28
3_030352,W24
3_030353,O49
3_030354,D2
3_030355,D21
3_030356,X1
3_030357,Q3
3_030358,X1
3_030360,E23
3_030361,Q3
3_030362,X1
3_030363,N1
3_030364,V28
3_030365,N35
3_030366,V31
3_030368,X1
3_030370,D2
3_030371,D21
3_030372,X1
3_030373,G17
3_030374,D36
3_030375,G35
3_030376,D36
3_030377,G43
3_030380,U1
3_030381,G35
3_030382,N29
3_030383,X1
3_030385,M17
3_030387,N35
3_030388,V4
3_030389,M17
3_030391,N35
3_030392,V4
3_030393,X1
3_030394,N31
3_030395,N35
3_030396,E34
3_030397,N35
3_030398,M17
3_030399,S29
3_030400,S29
3_030401,V4
3_030402,G35
3_030403,N31
3_030404,E34
3_030405,N35
3_030406,M17
3_030407,S29
3_030408,M17
3_030409,I10
3_030410,D2
3_030411,D21
3_030412,V31
3_030413,E1
3_030414,N5
3_030416,D21
3_030417,I9
3_030418,D46
3_030419,Z1
3_030420,Z1
3_030421,Z1
3_030422,Z1
3_030423,F16
3_030424,F16
3_030425,F16
3_030426,F16
3_030427,F16
3_030428,Z1
3_030429,V31
3_030430,G17
3_030431,N35
3_030432,E34
3_030433,N35
3_030434,M17
3_030435,S29
3_030436,S29
3_030437,V4
3_030438,G35
3_030439,N31
3_030440,E34
3_030441,N35
3_030442,M17
3_030443,S29
3_030444,V13
3_030445,G43
3_030446,X1
3_030448,U33
3_030449,M17
3_030450,D60
3_030451,O1
3_030452,D21
3_030453,M17
3_030454,G17
3_030455,V31
3_030456,D58
3_030457,M17
3_030458,V31
3_030459,X1
3_030460,G5
3_030461,O49
3_030462,M17
3_030463,I10
39_390000,G17
39_390002,X1
39_390003,F34
39_390004,V31
39_390005,Q1
39_390006,D4
39_390007,D35
39_390008,S29
39_390010,O50
39_390011,G17
39_390012,N35
39_390013,V31
39_390014,M17
39_390015,G17
39_390016,I9
39_390017,D35
39_390018,S29
39_390020,O50
39_390021,G17
39_390022,N35
39_390023,G39
39_390024,V31
39_390025,M17
39_390026,G17
39_390027,I9
39_390028,G5
39_390029,D35
39_390030,S29
39_390032,O50
39_390033,G17
39_390034,N35
39_390035,V31
39_390036,M17
39_390037,G17
39_390039,S29
39_390040,O50
39_390041,G17
39_390042,N35
39_390043,V31
39_390044,M17
39_390045,D21
39_390046,I9
39_390047,E9
39_390048,D21
39_390049,V31
39_390050,E9
39_390051,N35
39_390052,D58
39_390053,G39
39_390055,N35
39_390056,V31
39_390057,M17
39_390058,D21
39_390059,I9
39_390060,S29
39_390062,O50
39_390063,G17
39_390064,N35
39_390065,V31
39_390066,M17
39_390067,D21
39_390068,I9
39_390069,D35
39_390071,X1
39_390072,X1
39_390073,G43
39_390074,R8
39_390076,X1
39_390077,N35
39_390078,M17
39_390079,D21
39_390080,D46
39_390081,V31
39_390082,M17
39_390083,M17
39_390084,M17
39_390085,I9
39_390086,F31
39_390087,N35
39_390088,V31
39_390089,Q3
39_390091,E9
39_390092,D21
39_390093,N35
39_390094,V31
39_390095,Q3
39_390096,N35
39_390097,F31
39_390098,V31
39_390099,G5
39_390100,G17
39_390101,D21
39_390102,N35
39_390103,I9
39_390104,N35
39_390105,G36
39_390106,D21
39_390107,G43
39_390108,E23
39_390109,N35
39_390110,I9
39_390111,N17
39_390112,S29
39_390113,D21
39_390114,M17
39_390115,D21
39_390116,O50
39_390117,G43
39_390118,D21
39_390119,Z1
39_390120,S29
39_390121,N35
39_390122,M17
39_390123,O50
39_390124,G17
39_390125,S29
39_390126,V31
39_390127,N14
39_390128,N14
39_390129,N14
39_390130,U1
39_390131,D4
39_390132,G1
39_390133,V31
39_390134,M17
39_390135,G17
39_390136,G43
39_390137,D36
39_390138,V28
39_390140,G5
39_390141,Q3
39_390142,G43
39_390143,O50
39_390144,D21
39_390145,U15
39_390146,X1
39_390147,U15
39_390148,X1
39_390149,S29
39_390150,M17
39_390151,D36
39_390153,N35
39_390154,V31
39_390155,M23
39_390156,G43
39_390158,N35
39_390159,N35
39_390160,V31
39_390161,M23
39_390162,G43
39_390163,G17
39_390165,W24
39_390166,D36
39_390167,V31
39_390168,D35
39_390169,R8
39_390170,S29
39_390171,D58
39_390172,N14
39_390173,M17
39_390174,G43
39_390175,D35
39_390176,U33
39_390178,W24
39_390179,U33
39_390180,I9
39_390181,D58
39_390182,G39
39_390183,X8
39_390184,I9
39_390185,N35
39_390186,V31
39_390187,M17
39_390188,G17
39_390189,X1
39_390191,G5
39_390193,V31
39_390194,M17
39_390195,G17
39_390196,S29
39_390197,S29
39_390199,O50
39_390200,G17
39_390201,V31
39_390202,M17
39_390203,G17
39_390204,S29
39_390205,E34
39_390206,N35
39_390207,V31
39_390208,M17
39_390209,G17
39_390210,S29
39_390211,W18
39_390212,D2
39_390215,G5
39_390216,G17
39_390217,D21
39_390218,N35
39_390219,I9
39_390220,M17
39_390221,G17
39_390222,V28
39_390223,W24
39_390225,V31
39_390226,M17
39_390227,G43
39_390228,N35
39_390229,V31
39_390230,V28
39_390231,N35
39_390232,G17
39_390233,G17
39_390234,X1
39_390236,G43
39_390238,N35
39_390239,V31
39_390240,G43
39_390241,M17
39_390242,O50
39_390243,G17
39_390244,D21
39_390245,N35
39_390246,N35
39_390247,E34
39_390248,N35
39_390249,M17
39_390250,S29
39_390252,G43
39_390253,O1
39_390254,D21
39_390255,V31
39_390257,G43
39_390258,N35
39_390259,M23
39_390260,G43
39_390261,G39
39_390262,D58
39_390263,G17
39_390264,X1
39_390265,V4
39_390266,G17
39_390267,O49
39_390268,X1
39_390269,M17
39_390270,D21
39_390271,X1
39_390273,I9
39_390274,N35
39_390275,N35
39_390276,I9
39_390277,G17
39_390279,X1
39_390280,N5
39_390281,V31
39_390282,G43
39_390283,D36
39_390284,D58
39_390285,V31
39_390286,M17
39_390287,D21
39_390288,V31
39_390292,V31
39_390293,D58
39_390294,V31
39_390295,X1
39_390299,R8
39_390300,D21
39_390301,X1
39_390305,Z11
39_390306,X1
39_390307,Q3
39_390308,X1
39_390310,N35
39_390311,V31
39_390312,N30
39_390313,N30
39_390314,N30
39_390315,G5
39_390317,N35
39_390318,V31
39_390319,N30
39_390320,N30
39_390321,N30
39_390322,E9
39_390323,O4
39_390324,G35
39_390325,E34
39_390326,N35
39_390327,M17
39_390328,S29
39_390330,G35
39_390331,V31
39_390332,N37
39_390333,Z1
39_390334,I10
39_390335,P8
39_390336,O50
39_390337,Z1
39_390338,Z1
39_390339,Z1
39_390340,Z1
39_390341,M17
39_390342,F13
39_390343,F13
39_390344,F13
39_390345,X1
39_390346,D28
39_390347,G17
39_390348,V31
39_390349,S29
39_390351,N35
39_390352,V28
39_390353,D58
39_390354,X1
39_390356,V31
39_390357,G17
39_390358,D36
39_390359,V31
39_390361,P8
39_390362,G43
39_390363,N35
39_390364,N37
39_390365,X1
39_390366,G35
39_390367,G43
39_390368,Q1
39_390369,Q1
39_390370,Q1
39_390371,X1
39_390372,D36
39_390373,V31
39_390374,G17
39_390375,U15
39_390376,X1
39_390379,V31
39_390380,O4
39_390382,E34
39_390383,N35
39_390384,M17
39_390385,S29
39_390386,D35
39_390388,N35
39_390389,V31
39_390390,M17
39_390391,S29
39_390392,G17
39_390393,X1
39_390394,U33
39_390396,N35
39_390397,V31
39_390398,S34
39_390399,Q1
39_390400,D2
39_390401,O50
41_410000,X8
41_410001,X1
41_410003,Z1
41_410004,Z1
41_410005,Z1
41_410006,Z1
41_410007,M18
41_410008,N35
41_410009,V31
41_410010,G39
41_410011,V31
41_410012,M18
41_410013,N35
41_410014,V31
41_410015,E34
41_410016,N35
41_410017,M17
41_410018,S29
41_410019,Q3
41_410020,N35
41_410021,N37
41_410022,G1
41_410023,S29
41_410024,D54
41_410025,V13
41_410026,N35
41_410027,V28
41_410028,D21
41_410029,X1
41_410030,M17
41_410031,D36
41_410032,D58
41_410034,D46
41_410035,V4
41_410036,M23
41_410037,G43
41_410038,G25
41_410039,G25
41_410040,G25
41_410041,M17
41_410042,G17
41_410043,G43
41_410044,N35
41_410045,N35
41_410046,N35
41_410048,D21
41_410050,G43
41_410051,I9
41_410052,S34
41_410053,I9
41_410054,M23
41_410055,G43
41_410056,X1
41_410057,S34
41_410058,I9
41_410060,D21
41_410062,G17
41_410063,D58
41_410064,G43
41_410065,G25
41_410066,O50
41_410067,N35
41_410068,V13
41_410069,N35
41_410070,M17
41_410071,G17
41_410072,Q1
41_410073,D4
41_410074,Q1
41_410075,X1
41_410076,M17
41_410078,M17
41_410079,M17
41_410080,V28
41_410081,G43
41_410082,G43
41_410083,N35
41_410084,R8
41_410085,R8
41_410086,R8
41_410088,G25
41_410089,G25
41_410090,G25
41_410091,M17
41_410092,O50
41_410093,G17
41_410094,S29
41_410095,V31
41_410096,V30
41_410097,O50
41_410098,D21
41_410099,G43
41_410100,X1
41_410101,Q1
41_410103,Z1
41_410104,Z1
41_410105,Z1
41_410106,Z1
41_410107,M18
41_410108,N35
41_410109,V31
41_410110,G39
41_410111,V31
41_410112,M17
41_410113,N35
41_410114,V31
41_410115,E34
41_410116,N35
41_410117,M17
41_410118,S29
41_410119,Q3
41_410120,N35
41_410121,N37
41_410122,V28
41_410123,G43
41_410124,N35
41_410125,R8
41_410126,R8
41_410127,R8
41_410129,G25
41_410130,G25
41_410131,G25
41_410132,S29
41_410133,N35
41_410134,M17
41_410135,S29
41_410136,V13
41_410137,M18
41_410138,D21
41_410139,I9
41_410140,E34
41_410141,N35
41_410142,M17
41_410143,S29
41_410144,Q3
41_410145,N35
41_410147,M17
41_410148,O50
41_410149,G17
41_410150,S29
41_410151,M18
41_410152,N35
41_410153,V31
41_410154,G39
41_410155,V31
41_410156,M18
41_410157,N35
41_410158,V31
41_410159,E34
41_410160,N35
41_410161,M17
41_410162,S29
41_410163,Q3
41_410164,N35
41_410165,N37
41_410166,G35
41_410167,S29
41_410168,D54
41_410169,V13
41_410170,N35
41_410171,V28
41_410172,D21
41_410173,X1
41_410174,M17
41_410176,D58
41_410178,G35
41_410179,N35
41_410180,G17
41_410181,G43
41_410182,D36
41_410183,D58
41_410184,S34
41_410185,G17
41_410186,G25
41_410187,X1
41_410188,N18
41_410189,G25
41_410190,N35
41_410191,I9
41_410192,N35
41_410193,S29
41_410194,N35
41_410195,N29
41_410196,D58
41_410197,D58
41_410199,N35
41_410200,I9
41_410201,N35
41_410202,S29
41_410203,N35
41_410204,G17
41_410206,W24
41_410207,D36
41_410208,M17
41_410209,X1
41_410210,I9
41_410211,G17
41_410213,W24
41_410214,S29
41_410216,O50
41_410217,V13
41_410218,N35
41_410219,M23
41_410220,G43
41_410221,E34
41_410222,N35
41_410223,M17
41_410224,S29
41_410225,Q3
41_410226,N35
41_410228,N35
41_410230,N14
41_410231,M17
41_410232,W25
41_410233,N35
41_410234,D46
41_410235,G35
41_410236,X1
41_410237,N14
41_410239,G43
41_410241,D58
41_410242,S34
41_410243,G17
41_410244,G25
41_410245,X1
41_410246,N18
41_410248,N35
41_410249,M17
41_410250,O50
41_410251,G17
41_410252,S29
41_410253,V31
41_410254,D35
41_410255,S29
41_410256,V31
41_410257,V31
41_410258,D35
41_410259,S29
41_410260,V31
41_410261,D28
41_410262,V31
41_410263,V13
41_410264,G43
41_410265,X1
41_410266,D28
41_410267,I10
41_410268,P8
41_410269,M17
41_410270,G43
41_410271,D54
41_410272,N35
41_410273,O50
41_410274,D21
41_410275,V13
41_410277,M17
41_410278,G43
41_410279,D54
41_410280,N35
41_410281,O50
41_410282,D21
41_410283,V13
41_410284,S29
41_410285,G17
41_410286,V31
41_410287,I9
41_410288,N35
41_410291,V31
41_410292,G17
41_410294,M17
41_410295,O50
41_410296,G17
41_410297,S29
41_410298,V31
41_410299,F18
41_410300,F18
41_410301,F18
41_410302,V31
41_410303,M44
41_410305,M17
41_410306,O50
41_410307,G17
41_410308,S29
41_410309,V31
41_410310,D36
41_410311,V31
41_410312,V28
41_410313,Q3
41_410314,G39
41_410315,D46
41_410316,V4
41_410318,I9
41_410319,D46
41_410320,F18
41_410321,V31
41_410322,O1
41_410323,D21
41_410324,V30
41_410325,D21
41_410326,Q3
41_410327,X1
41_410328,N1
41_410330,D21
41_410331,D21
41_410332,O50
41_410333,Q3
41_410335,D21
41_410336,V31
41_410337,M17
41_410338,U15
41_410339,X1
41_410340,R8
41_410341,V30
41_410343,V31
41_410344,G17
41_410345,G5
41_410346,D46
41_410347,G35
41_410348,X1
41_410349,N14
41_410350,M17
41_410351,O50
41_410352,G17
41_410353,S29
41_410354,V31
41_410355,G17
41_410356,W18
41_410357,X1
41_410358,V31
41_410359,G17
41_410360,W18
41_410362,X1
41_410363,G5
41_410364,M17
41_410365,O50
41_410366,G17
41_410368,X1
41_410369,F34
41_410370,V31
41_410371,Q1
41_410372,D4
41_410373,D35
41_410374,S29
41_410377,G17
41_410378,N35
41_410379,V31
41_410380,M17
41_410381,I9
41_410382,D35
41_410383,S29
41_410385,O50
41_410386,G17
41_410387,N35
41_410388,G39
41_410389,V31
41_410390,M17
41_410391,G17
41_410392,I9
41_410393,G5
41_410394,D35
41_410395,S29
41_410397,O50
41_410398,G17
41_410399,N35
41_410400,V31
41_410401,M17
41_410402,G17
41_410403,I9
5_050000,N35
5_050001,E34
5_050002,N35
5_050003,M17
5_050004,S29
5_050005,S29
5_050006,V4
5_050007,G35
5_050008,N31
5_050009,E34
5_050010,N35
5_050011,M17
5_050012,S29
5_050013,V13
5_050014,G43
5_050015,X1
5_050017,U33
5_050018,M17
5_050019,D60
5_050020,O1
5_050021,D21
5_050022,M17
5_050023,G17
5_050024,V31
5_050025,D58
5_050026,M17
5_050027,V31
5_050028,X1
5_050029,G5
5_050030,O49
5_050032,D36
5_050033,G35
5_050034,D58
5_050037,G43
5_050038,D36
5_050039,D60
5_050040,M17
5_050041,Z11
5_050042,M17
5_050043,P8
5_050044,I10
5_050045,V13
5_050046,O34
5_050048,U1
5_050049,G35
5_050050,N29
5_050051,X1
5_050053,M17
5_050054,N35
5_050055,N5
5_050056,O50
5_050057,I9
5_050058,X1
5_050059,Q1
5_050060,D4
5_050061,V13
5_050062,O34
5_050064,O50
5_050065,I9
5_050066,X1
5_050067,M17
5_050068,X1
5_050069,I9
5_050070,Q1
5_050071,D4
5_050072,G17
5_050074,G17
5_050075,I9
5_050076,N35
5_050077,G25
5_050078,Z1
5_050079,I9
5_050081,Z1
5_050082,S29
5_050083,N35
5_050084,G17
5_050085,Q3
5_050086,N35
5_050088,S29
5_050091,Z1
5_050092,S29
5_050093,N35
5_050094,G17
5_050095,Q3
5_050096,N35
5_050098,S29
5_050100,M17
5_050101,G43
5_050102,M17
5_050103,N35
5_050104,V13
5_050105,G43
5_050106,X1
5_050107,M17
5_050108,S29
5_050109,R8
5_050110,G7
5_050111,G43
5_050112,D36
5_050113,D60
5_050114,Q1
5_050115,Q1
5_050116,Q1
5_050117,X1
5_050118,O1
5_050119,D21
5_050120,G17
5_050121,G43
5_050122,D36
5_050123,D60
5_050124,X1
5_050125,D36
5_050127,E34
5_050128,N35
5_050129,M17
5_050130,S29
5_050131,M17
5_050132,N35
5_050133,G5
5_050135,S29
5_050136,E34
5_050137,G25
5_050138,Z1
5_050139,M17
5_050140,D21
5_050141,Q3
5_050142,X1
5_050143,N1
5_050144,N37
5_050145,G1
5_050146,X1
5_050147,M17
5_050148,D21
5_050150,Q3
5_050151,X1
5_050152,D21
5_050153,G17
5_050154,V13
5_050155,N29
5_050156,D21
5_050157,S29
5_050160,S29
5_050161,N35
5_050163,S29
5_050164,G17
5_050165,X1
5_050168,S29
5_050169,G17
5_050170,V28
5_050171,N29
5_050172,X1
5_050174,D2
5_050175,G43
5_050176,N37
5_050177,V4
5_050178,G35
5_050179,M17
5_050180,G43
5_050181,D36
5_050183,G43
5_050184,D35
5_050186,N35
5_050187,X1
5_050188,O50
5_050189,D21
5_050190,I9
5_050191,O34
5_050192,N35
5_050194,Y2
5_050195,O34
5_050196,N37
5_050198,Y2
5_050199,E34
5_050200,N35
5_050201,M17
5_050202,S29
5_050203,G17
5_050204,I10
5_050205,D58
5_050206,D36
5_050208,G36
5_050209,D21
5_050210,D35
5_050211,O34
5_050212,N37
5_050213,P8
5_050214,I10
5_050216,I9
5_050217,D21
5_050218,G43
5_050219,G35
5_050220,U1
5_050221,D4
5_050222,G35
5_050223,G43
5_050225,X1
5_050226,Q3
5_050227,G43
5_050228,G1
5_050229,Q3
5_050230,X1
5_050232,M17
5_050233,N35
5_050234,S29
5_050235,N35
5_050236,M17
5_050237,N35
5_050238,R8
5_050239,R8
5_050240,R8
5_050241,O1
5_050242,D21
5_050243,X1
5_050244,D21
5_050245,I9
5_050246,R8
5_050247,G7
5_050248,Q3
5_050249,N35
5_050250,M17
5_050251,D21
5_050253,I9
5_050255,Z1
5_050256,I9
5_050257,N37
5_050258,D36
5_050260,X1
5_050261,I9
5_050262,D21
5_050265,I9
5_050266,V28
5_050267,D28
5_050268,D28
5_050269,D28
5_050270,I9
5_050272,Z1
5_050273,D21
5_050274,D46
5_050277,I9
5_050278,M17
5_050279,D4
5_050280,N35
5_050281,N35
5_050282,I9
5_050283,G39
5_050284,D58
5_050287,D46
5_050288,O50
5_050289,D4
5_050290,M17
5_050291,M17
5_050292,N35
5_050293,I9
5_050294,M17
5_050295,G17
5_050296,M18
5_050297,N35
5_050298,I9
5_050299,R8
5_050300,R8
5_050301,R8
5_050302,R8
5_050303,R8
5_050304,R8
5_050305,M17
5_050306,D21
5_050307,G43
5_050308,Q3
5_050309,X1
5_050310,N1
5_050311,R8
5_050312,R8
5_050313,R8
5_050314,M17
5_050315,D21
5_050316,G43
5_050317,N17
5_050318,M17
5_050319,D4
5_050320,S29
5_050321,N35
5_050322,G43
5_050323,V13
5_050324,O34
5_050328,N35
5_050329,E34
5_050330,N35
5_050331,M17
5_050332,S29
5_050333,D2
5_050334,D36
5_050335,S29
5_050336,N35
5_050337,O1
5_050338,D21
5_050339,V31
5_050340,D21
5_050341,V31
5_050342,E34
5_050343,N35
5_050344,G17
5_050345,D21
5_050346,N35
5_050347,S29
5_050348,Q3
5_050349,G43
5_050350,N35
5_050351,U1
5_050352,G35
5_050353,N29
5_050354,X1
5_050356,D21
5_050357,X8
5_050358,Q3
5_050359,X1
5_050360,N1
5_050361,N35
5_050362,E34
5_050363,N35
5_050364,M17
5_050365,S29
5_050366,D21
5_050367,X8
5_050368,N35
5_050369,I9
5_050370,N17
5_050371,M17
5_050372,N35
5_050373,X1
5_050374,U15
5_050375,P8
5_050376,G17
5_050377,D46
5_050378,G43
5_050379,D2
5_050380,D21
5_050381,M17
5_050382,G35
5_050383,X1
5_050384,M17
5_050385,G35
5_050386,X1
5_050387,G5
5_050388,M17
5_050389,G35
5_050390,X1
5_050391,E9
5_050392,S29
5_050393,O50
5_050394,X1
5_050395,M17
5_050396,M17
5_050397,M17
5_050398,M17
5_050399,M17
5_050400,M17
5_050401,M17
5_050402,M17
5_050403,M17
5_050404,M17
5_050405,G35
5_050406,E23
5_050408,D46
5_050409,V4
5_050410,N14
5_050411,S29
5_050412,N35
5_050413,V13
5_050414,G43
5_050415,G17
5_050416,D21
5_050417,N35
5_050418,V31
5_050419,M17
5_050420,N35
5_050421,S29
5_050422,U1
5_050424,E1
5_050425,N35
5_050426,I9
5_050427,V13
5_050428,G43
5_050429,I10
5_050430,D46
5_050431,N35
5_050432,F34
5_050433,I9
5_050434,G17
5_050435,X1
5_050436,V31
5_050437,N35
5_050438,I9
5_050439,G17
5_050440,V31
5_050441,M17
5_050442,D21
5_050443,V31
5_050444,V13
5_050445,G43
5_050446,O50
5_050447,Q3
5_050448,D21
5_050450,X1
5_050451,D21
5_050452,V31
5_050453,D21
5_050454,I9
7_070000,M17
7_070001,G1
7_070002,X1
7_070003,M17
7_070004,G1
7_070005,X1
7_070006,G5
7_070007,M17
7_070008,G1
7_070009,X1
7_070010,E9
7_070011,S29
7_070012,O50
7_070013,X1
7_070017,M17
7_070018,G1
7_070019,E23
7_070021,D46
7_070022,V4
7_070023,N14
7_070024,S29
7_070025,N35
7_070026,V13
7_070027,G43
7_070028,G17
7_070029,D21
7_070030,N35
7_070031,V31
7_070032,Q3
7_070033,G43
7_070034,N35
7_070035,M17
7_070036,N35
7_070037,S29
7_070038,U1
7_070040,E1
7_070041,N35
7_070042,I9
7_070043,V13
7_070044,G43
7_070045,I10
7_070046,D46
7_070047,N35
7_070048,F34
7_070049,I9
7_070050,G17
7_070051,X1
7_070052,V31
7_070053,N35
7_070054,I9
7_070055,G17
7_070056,V31
7_070057,M17
7_070058,D21
7_070059,V31
7_070060,V13
7_070061,G43
7_070062,O50
7_070063,Q3
7_070064,D21
7_070066,X1
7_070067,D21
7_070068,V31
7_070069,D21
7_070070,I9
7_070071,G17
7_070072,M17
7_070073,Y5
7_070074,N35
7_070075,M17
7_070076,Y5
7_070077,N35
7_070078,M17
7_070079,Y5
7_070080,N35
7_070081,W24
7_070082,G43
7_070083,E1
7_070085,N35
7_070086,V31
7_070087,E34
7_070088,N35
7_070089,M17
7_070090,S29
7_070091,Y5
7_070092,N35
7_070093,X1
7_070094,U33
7_070095,M17
7_070096,W18
7_070097,N35
7_070098,U33
7_070099,M17
7_070100,S29
7_070101,N35
7_070102,W18
7_070103,N35
7_070104,U33
7_070105,M17
7_070107,O28
7_070108,W24
7_070109,O49
7_070110,G17
7_070111,E34
7_070112,N35
7_070113,M17
7_070114,S29
7_070115,R8
7_070116,G7
7_070117,O28
7_070118,W24
7_070119,O49
7_070120,V31
7_070121,G17
7_070122,E34
7_070123,N35
7_070124,M17
7_070125,S29
7_070126,R8
7_070127,G7
7_070128,O28
7_070129,W24
7_070130,O49
7_070131,G17
7_070132,E34
7_070133,N35
7_070134,M17
7_070135,S29
7_070136,N5
7_070137,O28
7_070138,W24
7_070139,O49
7_070140,V31
7_070141,G17
7_070142,E34
7_070143,N35
7_070144,X1
7_070145,I9
7_070146,N35
7_070147,E34
7_070148,N35
7_070149,M17
7_070150,S29
7_070151,O28
7_070152,W24
7_070153,O49
7_070154,E34
7_070155,N35
7_070156,M17
7_070157,S29
7_070158,I10
7_070159,S29
7_070160,I9
7_070161,O28
7_070162,W24
7_070163,O49
7_070164,F31
7_070165,M17
7_070166,M17
7_070167,G17
7_070168,O28
7_070169,W24
7_070170,O49
7_070171,S29
7_070172,V31
7_070173,N5
7_070174,D2
7_070176,R8
7_070177,R8
7_070178,R8
7_070179,R8
7_070180,R8
7_070181,R8
7_070182,R8
7_070183,R8
7_070184,R8
7_070185,R8
7_070186,R8
7_070187,R8
7_070189,I9
7_070190,D21
7_070191,X1
7_070192,U15
7_070193,G17
7_070194,D35
7_070195,X1
7_070196,G43
7_070197,T22
7_070198,N17
7_070199,N17
7_070200,W24
7_070201,G43
7_070202,I9
7_070203,M17
7_070204,G43
7_070205,D36
7_070207,X1
7_070208,I9
7_070209,G39
7_070210,D58
7_070211,R8
7_070212,G7
7_070213,V30
7_070214,G43
7_070215,D46
7_070216,X1
7_070217,I9
7_070218,D36
7_070219,Z1
7_070220,I9
7_070221,G17
7_070223,D21
7_070224,D2
7_070225,N35
7_070226,N35
7_070227,M17
7_070228,S29
7_070229,I9
7_070230,D21
7_070231,V31
7_070232,D2
7_070233,I10
7_070234,X1
7_070235,Z1
7_070236,E34
7_070237,N35
7_070238,M17
7_070239,S29
7_070240,R8
7_070241,G7
7_070242,D2
7_070243,D21
7_070244,I9
7_070245,N35
7_070248,I9
7_070249,R8
7_070250,G7
7_070251,D35
7_070252,X1
7_070253,N29
7_070254,I9
7_070255,D35
7_070256,G40
7_070257,N29
7_070258,O50
7_070259,I9
7_070260,G17
7_070261,F16
7_070262,T22
7_070263,T22
7_070264,T22
7_070265,W24
7_070266,G43
7_070267,I9
7_070268,D35
7_070269,S29
7_070270,V13
7_070271,Q3
7_070272,I9
7_070273,M17
7_070274,D58
7_070275,X1
7_070276,G17
7_070277,F16
7_070278,T22
7_070279,T22
7_070280,T22
7_070281,O50
7_070282,G43
7_070283,I9
7_070284,D35
7_070285,E34
7_070286,N35
7_070287,N35
7_070288,I9
7_070289,O31
7_070290,O31
7_070291,S29
7_070292,G17
7_070293,V31
7_070294,X1
7_070295,X1
7_070297,D35
7_070298,E34
7_070299,N35
7_070300,N35
7_070301,I9
7_070302,O31
7_070303,O31
7_070305,G17
7_070306,D36
7_070307,X1
7_070309,D35
7_070311,D36
7_070312,D35
7_070313,E34
7_070314,N35
7_070315,N35
7_070316,I9
7_070317,O31
7_070318,O31
7_070319,V28
7_070320,U15
7_070321,G39
7_070322,X1
7_070323,G43
7_070324,M18
7_070325,N35
7_070326,E34
7_070327,N35
7_070328,M17
7_070329,S29
7_070330,M17
7_070331,D21
7_070332,V31
7_070333,E34
7_070334,N35
7_070335,M17
7_070336,S29
7_070337,Q3
7_070338,M17
7_070339,S29
7_070340,U1
7_070342,E1
7_070343,X1
7_070344,M17
7_070345,M17
7_070346,D28
7_070348,M18
7_070349,N35
7_070350,E34
7_070351,N35
7_070352,M17
7_070353,S29
7_070354,D21
7_070355,V31
7_070356,S29
7_070357,U1
7_070359,E1
7_070360,X1
7_070361,M17
7_070362,M17
7_070363,E34
7_070364,N35
7_070365,M17
7_070366,S29
7_070367,Q3
7_070368,M17
7_070370,D21
7_070371,V13
7_070372,F31
7_070373,V13
7_070374,G43
7_070375,F31
7_070376,S29
7_070377,S29
7_070378,V13
7_070379,G43
7_070380,G17
7_070381,M17
7_070382,G1
7_070383,X1
7_070384,N30
7_070385,N30
7_070386,N30
7_070387,G5
7_070388,X1
7_070389,M17
7_070390,I10
7_070391,D2
7_070392,D21
7_070393,V31
7_070394,E9
7_070395,G17
7_070396,M17
7_070397,G17
7_070398,X1
7_070399,N30
7_070400,N30
7_070401,N30
7_070402,E9
7_070403,X1
7_070404,M17
7_070405,I10
7_070406,D2
7_070407,D21
7_070408,V31
7_070409,M17
7_070410,G1
7_070411,D21
7_070412,E23
7_070413,G17
7_070414,S29
7_070415,N5
7_070416,X1
7_070417,O1
7_070418,D21
7_070419,U33
7_070420,M17
7_070421,O50
7_070422,P8
7_070423,D21
7_070424,E23
7_070425,N35
7_070426,E34
7_070427,N35
7_070428,M17
7_070429,S29
7_070430,V28
7_070431,G1
7_070433,X1
7_070434,M17
7_070435,M17
7_070436,U1
7_070437,D4
7_070438,G1
7_070439,N35
7_070440,N35
7_070441,V13
7_070442,N35
7_070443,E34
7_070444,N35
7_070445,M17
7_070446,S29
7_070448,G17
7_070449,D21
7_070450,U1
7_070451,D4
7_070452,G1
7_070453,G1
7_070454,G5
9_090000,O1
9_090001,D21
9_090002,U33
9_090003,M17
9_090004,O50
9_090005,D21
9_090006,P8
9_090007,E23
9_090008,N35
9_090009,E34
9_090010,N35
9_090011,M17
9_090012,S29
9_090013,V28
9_090014,G35
9_090016,X1
9_090017,M17
9_090018,M17
9_090019,U1
9_090020,D4
9_090021,G35
9_090022,N35
9_090023,N35
9_090024,V13
9_090025,N35
9_090026,E34
9_090027,N35
9_090028,M17
9_090029,S29
9_090031,G17
9_090032,D21
9_090033,U1
9_090034,D4
9_090035,G1
9_090036,G1
9_090037,G5
9_090038,N35
9_090039,Q1
9_090040,X1
9_090041,U1
9_090042,D4
9_090043,G35
9_090044,N35
9_090045,N35
9_090046,V13
9_090047,N35
9_090048,E34
9_090049,N35
9_090050,M17
9_090051,S29
9_090053,U1
9_090054,D4
9_090055,G35
9_090056,G35
9_090058,N35
9_090060,U1
9_090061,D4
9_090062,G35
9_090063,N35
9_090064,N35
9_090065,V13
9_090066,N35
9_090067,E34
9_090068,N35
9_090069,M17
9_090070,S29
9_090072,D4
9_090073,U1
9_090074,D4
9_090075,G35
9_090076,F31
9_090077,N35
9_090078,N35
9_090079,V28
9_090081,X1
9_090082,R8
9_090083,R8
9_090084,R8
9_090085,M17
9_090086,Z11
9_090087,X1
9_090089,X1
9_090091,N5
9_090093,S29
9_090094,E34
9_090095,N35
9_090096,M17
9_090097,S29
9_090098,G17
9_090100,I9
9_090101,M17
9_090102,E34
9_090103,N35
9_090104,E34
9_090105,N35
9_090106,M17
9_090107,S29
9_090108,O4
9_090109,W24
9_090113,I9
9_090114,M17
9_090115,S29
9_090116,F13
9_090117,Q3
9_090118,G4
9_090119,I9
9_090120,M17
9_090121,X1
9_090122,U15
9_090123,G17
9_090124,G43
9_090125,G36
9_090126,D21
9_090127,I10
9_090128,M17
9_090129,D4
9_090130,E34
9_090131,N35
9_090132,M17
9_090133,S29
9_090134,M17
9_090135,I10
9_090136,D46
9_090137,X1
9_090138,I9
9_090139,N35
9_090140,E34
9_090141,N35
9_090142,M17
9_090143,S29
9_090144,P8
9_090145,I10
9_090146,N37
9_090147,N35
9_090149,E34
9_090150,N35
9_090151,M17
9_090152,S29
9_090154,U15
9_090155,X1
9_090156,O50
9_090157,S29
9_090158,D58
9_090159,D58
9_090160,E34
9_090161,N35
9_090162,M17
9_090163,S29
9_090164,G17
9_090165,V4
9_090166,X1
9_090167,N31
9_090168,X1
9_090169,N35
9_090170,O50
9_090171,S29
9_090172,D58
9_090173,D58
9_090174,U15
9_090175,X1
9_090176,E34
9_090177,N35
9_090178,M17
9_090179,S29
9_090180,Q3
9_090181,G43
9_090182,G5
9_090183,M18
9_090184,N35
9_090185,G17
9_090186,G17
9_090188,G35
9_090190,I9
9_090191,M17
9_090192,W25
9_090193,N35
9_090194,N35
9_090196,W24
9_090197,G43
9_090198,N35
9_090199,E34
9_090200,N35
9_090201,M17
9_090202,S29
9_090203,M17
9_090204,W25
9_090205,N35
9_090206,X1
9_090207,N35
9_090208,V30
9_090209,E34
9_090210,N35
9_090211,M17
9_090212,S29
9_090213,O34
9_090214,M17
9_090215,M17
9_090216,G17
9_090218,N35
9_090219,X1
9_090220,S29
9_090221,G35
9_090223,N5
9_090224,E34
9_090225,N35
9_090226,M17
9_090227,S29
9_090228,N35
9_090229,M23
9_090231,M17
9_090232,D21
9_090233,O50
9_090234,G43
9_090235,V13
9_090236,G43
9_090237,M17
9_090238,D21
9_090239,O50
9_090240,M23
9_090241,G43
9_090242,M17
9_090243,D21
9_090244,O1
9_090245,D21
9_090246,V30
9_090247,I9
9_090248,D35
9_090249,O50
9_090250,G17
9_090251,I9
9_090253,X1
9_090254,X8
9_090255,M17
9_090257,D2
9_090258,F34
9_090259,O50
9_090260,X1
9_090262,G35
9_090263,N37
9_090264,M17
9_090265,O34
9_090266,V31
9_090267,N35
9_090268,O1
9_090269,D21
9_090270,D21
9_090271,G43
9_090272,V31
9_090273,M17
9_090274,G17
9_090275,I9
9_090276,O4
9_090277,G35
9_090278,V31
9_090279,G17
9_090280,S29
9_090281,G17
9_090282,V31
9_090283,X1
9_090284,X1
9_090287,G43
9_090288,E34
9_090289,N35
9_090290,M17
9_090291,S29
9_090292,D21
9_090293,V31
9_090295,G43
9_090296,G17
9_090297,D2
9_090298,D2
9_090299,P8
9_090300,G43
9_090301,D46
9_090302,G43
9_090304,G43
9_090305,X1
9_090306,G43
9_090307,X1
9_090309,G17
9_090310,D21
9_090311,V28
9_090312,N35
9_090313,D36
9_090314,N29
9_090316,S29
9_090317,N35
9_090318,U33
9_090319,S29
9_090320,N35
9_090321,N35
9_090322,D36
9_090323,S29
9_090324,V31
9_090325,S29
9_090326,N35
9_090327,M17
9_090328,G17
9_090329,D35
9_090330,I10
9_090331,D46
9_090332,N35
9_090333,V31
9_090334,D21
9_090335,N35
9_090336,V31
9_090337,Q3
9_090338,G43
9_090339,N35
9_090340,G35
9_090343,G36
9_090344,D21
9_090345,O1
9_090346,D21
9_090347,G17
9_090348,G17
9_090349,D21
9_090350,X1
9_090351,D35
9_090352,N37
9_090353,Q3
9_090354,D4
9_090355,E34
9_090356,N35
9_090357,M17
9_090358,S29
9_090359,D46
9_090360,V31
9_090361,M23
9_090362,G43
9_090363,G17
9_090364,V31
9_090365,V31
9_090366,G43
9_090368,N35
9_090369,I9
9_090370,D36
9_090371,N35
9_090372,V31
9_090373,N37
9_090374,G35
9_090375,Q3
9_090376,X1
9_090378,O50
9_090379,S29
9_090380,D21
9_090382,N35
9_090383,V31
9_090384,M17
9_090386,Q3
9_090388,M17
9_090389,S29
9_090390,I10
9_090392,N35
9_090393,V31
9_090394,N37
9_090395,N35
9_090396,M17
9_090397,X1
9_090401,D4
9_090402,N35
9_090403,V31
9_090404,E34
9_090405,N35
9_090406,M17
9_090407,S29
9_090408,O4
9_090409,N35
9_090410,N35
9_090411,O4
9_090412,N35
9_090413,N35
9_090414,D4
9_090415,I9
9_090416,N35
9_090417,V31
9_090418,M17
9_090419,G1
